{"cameraMode":{"drawMode":0,"name":"Shaded","section":"Shading Mode"},"sceneLighting":true,"audioPlay":false,"sceneViewState":{"showFog":true,"showMaterialUpdate":false,"showSkybox":true,"showFlares":true,"showImageEffects":true,"showParticleSystems":true},"in2DMode":false,"pivot":{"x":750.1756591796875,"y":450.26519775390627,"z":-63.493324279785159},"rotation":{"x":-0.16945666074752809,"y":0.816567063331604,"z":-0.2978942096233368,"w":-0.46450310945510867},"size":247.58773803710938,"orthographic":false}