{"cameraMode":{"drawMode":0,"name":"Shaded","section":"Shading Mode"},"sceneLighting":false,"audioPlay":false,"sceneViewState":{"showFog":true,"showMaterialUpdate":false,"showSkybox":false,"showFlares":true,"showImageEffects":true,"showParticleSystems":true},"in2DMode":false,"pivot":{"x":0.4481200575828552,"y":0.07749427855014801,"z":0.0},"rotation":{"x":-0.09623484313488007,"y":0.8834547996520996,"z":-0.20807598531246186,"w":-0.4085967540740967},"size":1.2837047576904297,"orthographic":false}